{"cameraMode":{"drawMode":0,"name":"Shaded","section":"Shading Mode"},"sceneLighting":true,"audioPlay":false,"sceneViewState":{"m_AlwaysRefresh":false,"showFog":true,"showSkybox":true,"showFlares":true,"showImageEffects":true,"showParticleSystems":true,"showVisualEffectGraphs":true,"m_FxEnabled":true},"in2DMode":false,"pivot":{"x":-0.40267670154571535,"y":0.04171254485845566,"z":-2.168916940689087},"rotation":{"x":0.06311720609664917,"y":-0.05161459371447563,"z":0.0032216731924563648,"w":0.9966781139373779},"size":0.5545268058776856,"orthographic":false}